,1,2,3,4,5,6,7,8,9,10,11,12,13,14,15,16,17,18,19,20,21,22,23,24,25,26,27,28,29,30,31,32,33,34,35,36,37,38,39,40,41,42,43,44,45,46,47,48,49,50,51,52,53,54,55,56,57,58,59,60,61,62,63,64,65,66,67,68,69,70,71,72,73,74,75,76,77,78,79,80,81,82,83,84,85,86,87,88,89,90,91,92,93,94,95,96,97,98,99,100
1,0.0,24.0,73.0,145.0,106.0,118.0,151.0,144.0,196.0,158.0,104.0,94.0,127.0,128.0,147.0,51.0,90.0,75.0,74.0,75.0,78.0,86.0,41.0,49.0,123.0,132.0,123.0,194.0,140.0,63.0,128.0,114.0,132.0,111.0,71.0,60.0,39.0,124.0,177.0,141.0,142.0,160.0,129.0,104.0,147.0,177.0,141.0,69.0,126.0,81.0,107.0,134.0,117.0,112.0,98.0,65.0,41.0,33.0,124.0,129.0,127.0,144.0,117.0,65.0,86.0,53.0,48.0,74.0,151.0,51.0,50.0,77.0,104.0,171.0,170.0,122.0,103.0,186.0,139.0,135.0,94.0,93.0,26.0,63.0,132.0,155.0,72.0,78.0,89.0,88.0,31.0,91.0,113.0,102.0,77.0,66.0,77.0,107.0,101.0,94.0
2,24.0,0.0,49.0,121.0,82.0,94.0,142.0,135.0,187.0,152.0,80.0,70.0,103.0,104.0,157.0,61.0,100.0,89.0,61.0,51.0,54.0,97.0,55.0,63.0,99.0,108.0,99.0,170.0,140.0,87.0,152.0,90.0,108.0,125.0,58.0,47.0,57.0,142.0,159.0,123.0,124.0,136.0,105.0,80.0,123.0,153.0,117.0,45.0,138.0,99.0,103.0,130.0,129.0,136.0,89.0,41.0,17.0,9.0,100.0,143.0,114.0,120.0,93.0,61.0,100.0,77.0,72.0,98.0,127.0,27.0,46.0,95.0,86.0,147.0,181.0,133.0,114.0,179.0,149.0,111.0,70.0,69.0,2.0,39.0,108.0,160.0,82.0,88.0,65.0,64.0,7.0,67.0,89.0,78.0,53.0,42.0,53.0,83.0,125.0,118.0
3,73.0,49.0,0.0,72.0,108.0,86.0,154.0,147.0,199.0,201.0,129.0,119.0,152.0,153.0,206.0,110.0,149.0,138.0,110.0,100.0,103.0,146.0,104.0,112.0,50.0,72.0,81.0,152.0,189.0,136.0,201.0,139.0,157.0,174.0,107.0,96.0,106.0,191.0,176.0,140.0,139.0,87.0,152.0,127.0,170.0,202.0,166.0,94.0,187.0,148.0,152.0,164.0,178.0,150.0,101.0,30.0,54.0,58.0,149.0,192.0,163.0,169.0,142.0,110.0,149.0,126.0,121.0,147.0,176.0,76.0,95.0,144.0,135.0,98.0,162.0,182.0,163.0,226.0,198.0,160.0,119.0,118.0,51.0,88.0,157.0,190.0,131.0,137.0,114.0,113.0,56.0,113.0,91.0,127.0,102.0,91.0,102.0,132.0,161.0,167.0
4,145.0,121.0,72.0,0.0,46.0,68.0,154.0,161.0,213.0,187.0,201.0,191.0,224.0,193.0,276.0,180.0,219.0,190.0,182.0,140.0,143.0,215.0,170.0,178.0,104.0,82.0,73.0,131.0,184.0,208.0,205.0,134.0,133.0,214.0,179.0,168.0,168.0,166.0,104.0,68.0,67.0,15.0,115.0,137.0,180.0,197.0,238.0,166.0,181.0,136.0,119.0,92.0,119.0,164.0,133.0,102.0,126.0,130.0,221.0,208.0,221.0,225.0,214.0,161.0,215.0,198.0,193.0,219.0,248.0,148.0,167.0,132.0,105.0,170.0,234.0,251.0,232.0,236.0,185.0,232.0,191.0,190.0,123.0,128.0,146.0,190.0,188.0,182.0,186.0,185.0,128.0,95.0,73.0,122.0,97.0,86.0,97.0,108.0,175.0,182.0
5,106.0,82.0,108.0,46.0,0.0,22.0,108.0,115.0,167.0,160.0,162.0,152.0,185.0,186.0,230.0,134.0,173.0,158.0,143.0,133.0,136.0,169.0,124.0,132.0,58.0,36.0,27.0,98.0,138.0,169.0,159.0,88.0,106.0,187.0,140.0,129.0,122.0,207.0,150.0,114.0,113.0,61.0,116.0,91.0,134.0,151.0,192.0,123.0,184.0,139.0,80.0,107.0,127.0,118.0,87.0,123.0,99.0,91.0,182.0,175.0,175.0,179.0,175.0,122.0,169.0,159.0,154.0,180.0,209.0,109.0,128.0,135.0,108.0,202.0,253.0,205.0,186.0,190.0,182.0,189.0,148.0,147.0,80.0,82.0,107.0,144.0,155.0,161.0,147.0,146.0,89.0,49.0,27.0,76.0,51.0,40.0,51.0,105.0,129.0,136.0
6,118.0,94.0,86.0,68.0,22.0,0.0,86.0,93.0,145.0,182.0,160.0,150.0,183.0,184.0,238.0,142.0,181.0,146.0,155.0,131.0,134.0,173.0,128.0,120.0,36.0,14.0,5.0,76.0,160.0,181.0,181.0,110.0,128.0,209.0,152.0,141.0,130.0,215.0,172.0,136.0,135.0,83.0,94.0,69.0,112.0,173.0,211.0,139.0,180.0,161.0,102.0,129.0,149.0,96.0,109.0,116.0,97.0,89.0,180.0,153.0,197.0,200.0,173.0,141.0,173.0,171.0,166.0,192.0,207.0,107.0,126.0,157.0,130.0,184.0,248.0,209.0,190.0,168.0,204.0,205.0,164.0,163.0,96.0,104.0,129.0,122.0,163.0,169.0,145.0,144.0,87.0,27.0,5.0,98.0,73.0,62.0,73.0,127.0,107.0,114.0
7,151.0,142.0,154.0,154.0,108.0,86.0,0.0,7.0,59.0,107.0,179.0,189.0,222.0,204.0,220.0,124.0,163.0,121.0,147.0,175.0,178.0,155.0,110.0,118.0,122.0,100.0,91.0,162.0,176.0,202.0,137.0,148.0,161.0,211.0,144.0,133.0,112.0,197.0,204.0,168.0,167.0,169.0,172.0,155.0,198.0,211.0,199.0,183.0,186.0,154.0,115.0,142.0,165.0,102.0,53.0,124.0,148.0,151.0,242.0,175.0,200.0,219.0,192.0,134.0,155.0,204.0,199.0,225.0,228.0,138.0,119.0,150.0,146.0,240.0,239.0,191.0,172.0,254.0,186.0,242.0,208.0,207.0,140.0,142.0,88.0,36.0,119.0,125.0,164.0,165.0,149.0,113.0,91.0,136.0,111.0,100.0,89.0,143.0,113.0,120.0
8,144.0,135.0,147.0,161.0,115.0,93.0,7.0,0.0,52.0,100.0,172.0,182.0,215.0,197.0,213.0,117.0,156.0,128.0,140.0,168.0,171.0,148.0,103.0,111.0,129.0,107.0,98.0,169.0,169.0,195.0,130.0,141.0,154.0,204.0,137.0,126.0,105.0,190.0,211.0,175.0,174.0,176.0,179.0,162.0,205.0,204.0,206.0,176.0,179.0,147.0,122.0,149.0,158.0,95.0,46.0,117.0,141.0,144.0,235.0,182.0,193.0,212.0,185.0,127.0,148.0,197.0,192.0,218.0,231.0,131.0,112.0,143.0,139.0,233.0,232.0,184.0,165.0,248.0,193.0,242.0,201.0,200.0,133.0,135.0,95.0,43.0,126.0,132.0,171.0,172.0,142.0,120.0,98.0,129.0,104.0,93.0,82.0,136.0,106.0,113.0
9,196.0,187.0,199.0,213.0,167.0,145.0,59.0,52.0,0.0,48.0,120.0,130.0,163.0,213.0,265.0,169.0,208.0,180.0,192.0,220.0,223.0,200.0,155.0,163.0,181.0,159.0,150.0,221.0,220.0,143.0,78.0,120.0,102.0,183.0,189.0,178.0,157.0,239.0,205.0,169.0,168.0,220.0,198.0,173.0,216.0,256.0,258.0,228.0,231.0,199.0,170.0,143.0,170.0,147.0,98.0,169.0,193.0,195.0,286.0,234.0,245.0,180.0,153.0,179.0,200.0,163.0,158.0,184.0,278.0,183.0,164.0,195.0,191.0,285.0,284.0,236.0,217.0,272.0,245.0,203.0,162.0,163.0,185.0,187.0,147.0,95.0,178.0,184.0,223.0,224.0,193.0,172.0,150.0,181.0,156.0,145.0,134.0,188.0,158.0,165.0
10,158.0,152.0,201.0,187.0,160.0,182.0,107.0,100.0,48.0,0.0,72.0,82.0,115.0,165.0,263.0,201.0,240.0,193.0,213.0,189.0,192.0,232.0,187.0,190.0,202.0,180.0,187.0,184.0,172.0,95.0,30.0,72.0,54.0,135.0,202.0,199.0,189.0,191.0,157.0,121.0,120.0,172.0,150.0,125.0,168.0,209.0,250.0,197.0,211.0,166.0,122.0,95.0,122.0,195.0,146.0,179.0,155.0,147.0,238.0,247.0,215.0,132.0,105.0,163.0,165.0,115.0,110.0,136.0,230.0,165.0,178.0,170.0,158.0,252.0,316.0,268.0,249.0,224.0,211.0,155.0,114.0,115.0,154.0,162.0,149.0,143.0,218.0,212.0,203.0,202.0,145.0,205.0,187.0,134.0,109.0,120.0,131.0,161.0,206.0,213.0
11,104.0,80.0,129.0,201.0,162.0,160.0,179.0,172.0,120.0,72.0,0.0,10.0,43.0,93.0,191.0,129.0,168.0,149.0,141.0,117.0,120.0,160.0,115.0,123.0,179.0,174.0,165.0,227.0,220.0,167.0,102.0,144.0,126.0,205.0,138.0,127.0,117.0,202.0,198.0,162.0,163.0,215.0,185.0,160.0,203.0,233.0,197.0,125.0,139.0,94.0,133.0,160.0,187.0,195.0,169.0,107.0,83.0,75.0,166.0,203.0,143.0,60.0,33.0,91.0,160.0,157.0,152.0,173.0,193.0,93.0,106.0,98.0,125.0,219.0,244.0,196.0,177.0,226.0,139.0,83.0,42.0,43.0,82.0,119.0,160.0,212.0,146.0,140.0,131.0,130.0,73.0,133.0,155.0,158.0,133.0,122.0,133.0,128.0,184.0,191.0
12,94.0,70.0,119.0,191.0,152.0,150.0,189.0,182.0,130.0,82.0,10.0,0.0,33.0,83.0,181.0,119.0,158.0,139.0,131.0,107.0,110.0,150.0,105.0,113.0,169.0,164.0,155.0,220.0,210.0,157.0,112.0,154.0,136.0,195.0,128.0,117.0,107.0,192.0,191.0,155.0,156.0,206.0,175.0,150.0,193.0,223.0,187.0,115.0,149.0,104.0,123.0,150.0,177.0,185.0,159.0,97.0,73.0,65.0,156.0,193.0,133.0,50.0,23.0,81.0,150.0,147.0,142.0,163.0,183.0,83.0,96.0,108.0,118.0,212.0,234.0,186.0,167.0,216.0,129.0,73.0,32.0,33.0,72.0,109.0,150.0,202.0,140.0,146.0,121.0,120.0,63.0,123.0,145.0,148.0,123.0,112.0,123.0,121.0,174.0,181.0
13,127.0,103.0,152.0,224.0,185.0,183.0,222.0,215.0,163.0,115.0,43.0,33.0,0.0,50.0,148.0,152.0,191.0,172.0,164.0,103.0,100.0,179.0,138.0,146.0,202.0,197.0,188.0,240.0,243.0,171.0,145.0,187.0,169.0,219.0,161.0,150.0,140.0,225.0,211.0,175.0,176.0,228.0,208.0,183.0,226.0,256.0,220.0,148.0,182.0,137.0,156.0,183.0,210.0,152.0,192.0,130.0,106.0,98.0,189.0,226.0,166.0,83.0,56.0,114.0,183.0,161.0,156.0,130.0,216.0,116.0,129.0,141.0,138.0,232.0,263.0,215.0,196.0,249.0,162.0,106.0,65.0,66.0,105.0,142.0,183.0,235.0,173.0,179.0,154.0,153.0,96.0,156.0,178.0,181.0,156.0,145.0,156.0,135.0,141.0,148.0
14,128.0,104.0,153.0,193.0,186.0,184.0,204.0,197.0,213.0,165.0,93.0,83.0,50.0,0.0,98.0,155.0,194.0,175.0,130.0,53.0,50.0,129.0,141.0,149.0,203.0,184.0,189.0,190.0,198.0,121.0,186.0,194.0,192.0,169.0,155.0,144.0,143.0,223.0,161.0,125.0,126.0,178.0,209.0,184.0,227.0,257.0,221.0,149.0,164.0,119.0,178.0,151.0,178.0,102.0,151.0,127.0,103.0,95.0,186.0,229.0,211.0,133.0,106.0,147.0,161.0,111.0,106.0,80.0,174.0,113.0,132.0,115.0,88.0,182.0,213.0,165.0,146.0,229.0,162.0,156.0,115.0,116.0,106.0,143.0,205.0,240.0,171.0,165.0,155.0,154.0,97.0,157.0,179.0,182.0,157.0,146.0,139.0,85.0,91.0,98.0
15,147.0,157.0,206.0,276.0,230.0,238.0,220.0,213.0,265.0,263.0,191.0,181.0,148.0,98.0,0.0,96.0,135.0,144.0,124.0,151.0,148.0,155.0,110.0,118.0,202.0,224.0,233.0,275.0,287.0,210.0,275.0,238.0,244.0,188.0,121.0,110.0,108.0,193.0,246.0,210.0,211.0,263.0,214.0,189.0,232.0,263.0,222.0,202.0,195.0,150.0,176.0,203.0,186.0,200.0,167.0,188.0,164.0,156.0,247.0,198.0,177.0,219.0,192.0,134.0,155.0,200.0,195.0,178.0,226.0,138.0,119.0,146.0,173.0,267.0,239.0,191.0,172.0,255.0,184.0,240.0,213.0,214.0,159.0,148.0,203.0,200.0,117.0,123.0,162.0,163.0,158.0,218.0,240.0,226.0,201.0,190.0,201.0,176.0,189.0,196.0
16,51.0,61.0,110.0,180.0,134.0,142.0,124.0,117.0,169.0,201.0,129.0,119.0,152.0,155.0,96.0,0.0,39.0,48.0,28.0,102.0,105.0,59.0,14.0,22.0,106.0,128.0,137.0,179.0,191.0,114.0,179.0,142.0,148.0,92.0,25.0,14.0,12.0,97.0,150.0,114.0,115.0,167.0,118.0,93.0,136.0,167.0,126.0,106.0,99.0,54.0,80.0,107.0,90.0,120.0,71.0,92.0,68.0,60.0,151.0,102.0,81.0,123.0,96.0,38.0,59.0,104.0,99.0,125.0,130.0,42.0,23.0,50.0,77.0,171.0,143.0,95.0,76.0,159.0,88.0,144.0,131.0,130.0,63.0,52.0,107.0,104.0,21.0,27.0,66.0,67.0,62.0,122.0,144.0,130.0,105.0,94.0,105.0,80.0,131.0,138.0
17,90.0,100.0,149.0,219.0,173.0,181.0,163.0,156.0,208.0,240.0,168.0,158.0,191.0,194.0,135.0,39.0,0.0,87.0,67.0,141.0,144.0,98.0,53.0,61.0,145.0,167.0,176.0,218.0,230.0,153.0,218.0,181.0,187.0,131.0,64.0,53.0,51.0,136.0,189.0,153.0,154.0,206.0,157.0,132.0,175.0,206.0,165.0,145.0,138.0,93.0,119.0,146.0,129.0,159.0,110.0,131.0,107.0,99.0,190.0,141.0,120.0,162.0,135.0,77.0,98.0,143.0,138.0,164.0,169.0,81.0,62.0,89.0,116.0,210.0,182.0,134.0,115.0,198.0,127.0,183.0,170.0,169.0,102.0,91.0,146.0,143.0,60.0,66.0,105.0,106.0,101.0,161.0,183.0,169.0,144.0,133.0,144.0,119.0,170.0,177.0
18,75.0,89.0,138.0,190.0,158.0,146.0,121.0,128.0,180.0,193.0,149.0,139.0,172.0,175.0,144.0,48.0,87.0,0.0,71.0,122.0,125.0,79.0,34.0,26.0,110.0,132.0,141.0,131.0,214.0,138.0,203.0,157.0,139.0,135.0,68.0,57.0,36.0,121.0,160.0,124.0,123.0,175.0,142.0,117.0,160.0,119.0,78.0,134.0,123.0,78.0,100.0,98.0,71.0,140.0,91.0,112.0,88.0,80.0,135.0,54.0,124.0,143.0,116.0,58.0,79.0,128.0,123.0,149.0,162.0,62.0,43.0,74.0,101.0,195.0,163.0,115.0,96.0,179.0,136.0,192.0,159.0,158.0,91.0,76.0,127.0,85.0,69.0,75.0,114.0,115.0,82.0,142.0,151.0,154.0,129.0,118.0,127.0,104.0,151.0,158.0
19,74.0,61.0,110.0,182.0,143.0,155.0,147.0,140.0,192.0,213.0,141.0,131.0,164.0,130.0,124.0,28.0,67.0,71.0,0.0,77.0,80.0,82.0,37.0,45.0,129.0,151.0,160.0,202.0,201.0,137.0,202.0,151.0,169.0,92.0,25.0,14.0,35.0,120.0,173.0,137.0,138.0,190.0,141.0,116.0,159.0,190.0,149.0,106.0,122.0,77.0,103.0,130.0,113.0,143.0,94.0,102.0,78.0,70.0,161.0,125.0,81.0,146.0,119.0,61.0,79.0,127.0,122.0,148.0,158.0,65.0,46.0,73.0,100.0,194.0,166.0,118.0,99.0,182.0,116.0,172.0,131.0,130.0,63.0,75.0,130.0,132.0,49.0,55.0,94.0,95.0,68.0,128.0,150.0,139.0,114.0,103.0,114.0,103.0,154.0,161.0
20,75.0,51.0,100.0,140.0,133.0,131.0,175.0,168.0,220.0,189.0,117.0,107.0,103.0,53.0,151.0,102.0,141.0,122.0,77.0,0.0,3.0,82.0,88.0,96.0,150.0,145.0,136.0,137.0,173.0,138.0,203.0,141.0,139.0,169.0,102.0,91.0,90.0,170.0,108.0,72.0,73.0,125.0,156.0,131.0,174.0,204.0,168.0,96.0,111.0,66.0,125.0,98.0,125.0,112.0,122.0,74.0,50.0,42.0,133.0,176.0,158.0,157.0,130.0,94.0,133.0,128.0,123.0,133.0,160.0,60.0,79.0,62.0,35.0,129.0,166.0,118.0,99.0,182.0,109.0,162.0,121.0,120.0,53.0,90.0,152.0,201.0,118.0,112.0,102.0,101.0,44.0,104.0,126.0,129.0,104.0,93.0,86.0,32.0,101.0,108.0
21,78.0,54.0,103.0,143.0,136.0,134.0,178.0,171.0,223.0,192.0,120.0,110.0,100.0,50.0,148.0,105.0,144.0,125.0,80.0,3.0,0.0,79.0,91.0,99.0,153.0,148.0,139.0,140.0,176.0,141.0,206.0,144.0,142.0,172.0,105.0,94.0,93.0,173.0,111.0,75.0,76.0,128.0,159.0,134.0,177.0,207.0,171.0,99.0,114.0,69.0,128.0,101.0,128.0,115.0,125.0,77.0,53.0,45.0,136.0,179.0,161.0,160.0,133.0,97.0,136.0,131.0,126.0,130.0,163.0,63.0,82.0,65.0,38.0,132.0,163.0,115.0,96.0,179.0,112.0,165.0,124.0,123.0,56.0,93.0,155.0,204.0,121.0,115.0,105.0,104.0,47.0,107.0,129.0,132.0,107.0,96.0,89.0,35.0,104.0,111.0
22,86.0,97.0,146.0,215.0,169.0,173.0,155.0,148.0,200.0,232.0,160.0,150.0,179.0,129.0,155.0,59.0,98.0,79.0,82.0,82.0,79.0,0.0,45.0,53.0,137.0,159.0,168.0,210.0,225.0,149.0,214.0,177.0,179.0,146.0,79.0,68.0,47.0,132.0,185.0,149.0,150.0,202.0,153.0,128.0,156.0,198.0,157.0,138.0,134.0,89.0,111.0,138.0,121.0,151.0,102.0,123.0,99.0,91.0,182.0,133.0,135.0,154.0,127.0,69.0,90.0,139.0,134.0,160.0,173.0,73.0,54.0,85.0,112.0,148.0,84.0,36.0,17.0,100.0,147.0,203.0,163.0,162.0,95.0,87.0,138.0,163.0,80.0,86.0,125.0,126.0,93.0,153.0,175.0,165.0,140.0,129.0,138.0,114.0,162.0,169.0
23,41.0,55.0,104.0,170.0,124.0,128.0,110.0,103.0,155.0,187.0,115.0,105.0,138.0,141.0,110.0,14.0,53.0,34.0,37.0,88.0,91.0,45.0,0.0,8.0,92.0,114.0,123.0,165.0,180.0,104.0,169.0,132.0,134.0,101.0,34.0,23.0,2.0,87.0,140.0,104.0,105.0,157.0,108.0,83.0,126.0,153.0,112.0,100.0,89.0,44.0,66.0,93.0,76.0,106.0,57.0,78.0,54.0,46.0,137.0,88.0,90.0,109.0,82.0,24.0,45.0,94.0,89.0,115.0,128.0,28.0,9.0,40.0,67.0,161.0,129.0,81.0,62.0,145.0,102.0,158.0,125.0,124.0,57.0,42.0,93.0,118.0,35.0,41.0,80.0,81.0,48.0,108.0,130.0,120.0,95.0,84.0,93.0,70.0,117.0,124.0
24,49.0,63.0,112.0,178.0,132.0,120.0,118.0,111.0,163.0,190.0,123.0,113.0,146.0,149.0,118.0,22.0,61.0,26.0,45.0,96.0,99.0,53.0,8.0,0.0,84.0,106.0,115.0,157.0,188.0,112.0,177.0,140.0,136.0,109.0,42.0,31.0,10.0,95.0,148.0,112.0,113.0,165.0,116.0,91.0,134.0,145.0,104.0,108.0,97.0,52.0,74.0,95.0,68.0,114.0,65.0,86.0,62.0,54.0,145.0,80.0,98.0,117.0,90.0,32.0,53.0,102.0,97.0,123.0,136.0,36.0,17.0,48.0,75.0,169.0,137.0,89.0,70.0,153.0,110.0,166.0,133.0,132.0,65.0,50.0,101.0,111.0,43.0,49.0,88.0,89.0,56.0,116.0,125.0,128.0,103.0,92.0,101.0,78.0,125.0,132.0
25,123.0,99.0,50.0,104.0,58.0,36.0,122.0,129.0,181.0,202.0,179.0,169.0,202.0,203.0,202.0,106.0,145.0,110.0,129.0,150.0,153.0,137.0,92.0,84.0,0.0,22.0,31.0,102.0,196.0,186.0,201.0,130.0,148.0,193.0,126.0,115.0,94.0,179.0,203.0,167.0,166.0,119.0,102.0,77.0,120.0,181.0,188.0,144.0,181.0,136.0,138.0,165.0,152.0,104.0,145.0,80.0,104.0,108.0,199.0,164.0,182.0,201.0,174.0,116.0,137.0,176.0,171.0,197.0,220.0,120.0,101.0,132.0,159.0,148.0,212.0,173.0,154.0,176.0,194.0,210.0,169.0,168.0,101.0,118.0,165.0,158.0,127.0,133.0,164.0,163.0,106.0,63.0,41.0,134.0,109.0,98.0,109.0,162.0,115.0,122.0
26,132.0,108.0,72.0,82.0,36.0,14.0,100.0,107.0,159.0,180.0,174.0,164.0,197.0,184.0,224.0,128.0,167.0,132.0,151.0,145.0,148.0,159.0,114.0,106.0,22.0,0.0,9.0,80.0,174.0,195.0,179.0,108.0,126.0,207.0,148.0,137.0,116.0,201.0,181.0,145.0,144.0,97.0,80.0,55.0,98.0,159.0,200.0,153.0,166.0,158.0,116.0,143.0,158.0,82.0,123.0,102.0,111.0,103.0,194.0,157.0,204.0,193.0,187.0,138.0,159.0,185.0,180.0,206.0,221.0,121.0,123.0,154.0,144.0,170.0,234.0,195.0,176.0,154.0,216.0,219.0,178.0,177.0,110.0,96.0,143.0,136.0,149.0,155.0,159.0,158.0,101.0,41.0,19.0,112.0,87.0,76.0,87.0,141.0,93.0,100.0
27,123.0,99.0,81.0,73.0,27.0,5.0,91.0,98.0,150.0,187.0,165.0,155.0,188.0,189.0,233.0,137.0,176.0,141.0,160.0,136.0,139.0,168.0,123.0,115.0,31.0,9.0,0.0,71.0,165.0,186.0,186.0,115.0,133.0,214.0,157.0,146.0,125.0,210.0,172.0,136.0,135.0,88.0,89.0,64.0,107.0,168.0,209.0,144.0,175.0,166.0,107.0,134.0,154.0,91.0,114.0,111.0,102.0,94.0,185.0,148.0,202.0,202.0,178.0,146.0,168.0,176.0,171.0,197.0,212.0,112.0,131.0,162.0,135.0,179.0,243.0,204.0,185.0,163.0,209.0,210.0,169.0,168.0,101.0,105.0,134.0,127.0,158.0,164.0,150.0,149.0,92.0,32.0,10.0,103.0,78.0,67.0,78.0,132.0,102.0,109.0
28,194.0,170.0,152.0,131.0,98.0,76.0,162.0,169.0,221.0,184.0,227.0,220.0,240.0,190.0,275.0,179.0,218.0,131.0,202.0,137.0,140.0,210.0,165.0,157.0,102.0,80.0,71.0,0.0,99.0,176.0,214.0,148.0,130.0,211.0,199.0,188.0,167.0,163.0,101.0,65.0,64.0,116.0,160.0,135.0,178.0,239.0,209.0,215.0,178.0,133.0,116.0,89.0,116.0,162.0,185.0,182.0,173.0,165.0,158.0,77.0,177.0,243.0,216.0,158.0,210.0,196.0,191.0,217.0,282.0,183.0,173.0,129.0,102.0,196.0,260.0,246.0,227.0,234.0,182.0,229.0,188.0,189.0,172.0,176.0,143.0,195.0,185.0,179.0,218.0,219.0,163.0,103.0,81.0,174.0,149.0,138.0,149.0,105.0,173.0,180.0
29,140.0,140.0,189.0,184.0,138.0,160.0,176.0,169.0,220.0,172.0,220.0,210.0,243.0,198.0,287.0,191.0,230.0,214.0,201.0,173.0,176.0,225.0,180.0,188.0,196.0,174.0,165.0,99.0,0.0,77.0,142.0,146.0,164.0,155.0,198.0,187.0,179.0,211.0,200.0,164.0,163.0,199.0,206.0,181.0,224.0,209.0,250.0,181.0,220.0,175.0,202.0,188.0,163.0,172.0,123.0,181.0,157.0,149.0,240.0,176.0,233.0,237.0,218.0,160.0,147.0,97.0,92.0,118.0,212.0,167.0,175.0,171.0,144.0,238.0,302.0,261.0,242.0,280.0,218.0,247.0,206.0,205.0,138.0,140.0,209.0,212.0,212.0,218.0,205.0,204.0,147.0,187.0,165.0,134.0,109.0,98.0,87.0,141.0,183.0,190.0
30,63.0,87.0,136.0,208.0,169.0,181.0,202.0,195.0,143.0,95.0,167.0,157.0,171.0,121.0,210.0,114.0,153.0,138.0,137.0,138.0,141.0,149.0,104.0,112.0,186.0,195.0,186.0,176.0,77.0,0.0,65.0,136.0,149.0,78.0,134.0,123.0,102.0,134.0,196.0,178.0,177.0,223.0,182.0,167.0,210.0,240.0,204.0,132.0,189.0,144.0,125.0,152.0,179.0,175.0,161.0,128.0,104.0,96.0,187.0,192.0,190.0,168.0,141.0,83.0,70.0,20.0,15.0,41.0,135.0,114.0,98.0,140.0,167.0,234.0,233.0,185.0,166.0,249.0,202.0,198.0,157.0,156.0,89.0,126.0,152.0,204.0,135.0,141.0,152.0,151.0,94.0,154.0,176.0,165.0,140.0,129.0,140.0,170.0,164.0,157.0
31,128.0,152.0,201.0,205.0,159.0,181.0,137.0,130.0,78.0,30.0,102.0,112.0,145.0,186.0,275.0,179.0,218.0,203.0,202.0,203.0,206.0,214.0,169.0,177.0,201.0,179.0,186.0,214.0,142.0,65.0,0.0,71.0,84.0,143.0,199.0,188.0,167.0,199.0,187.0,151.0,150.0,202.0,149.0,124.0,167.0,208.0,249.0,197.0,241.0,196.0,152.0,125.0,152.0,215.0,166.0,193.0,169.0,161.0,252.0,257.0,232.0,162.0,135.0,148.0,135.0,85.0,80.0,106.0,200.0,179.0,163.0,200.0,187.0,281.0,298.0,250.0,231.0,223.0,241.0,185.0,144.0,145.0,154.0,161.0,179.0,173.0,200.0,206.0,217.0,216.0,159.0,208.0,186.0,133.0,108.0,119.0,130.0,184.0,226.0,222.0
32,114.0,90.0,139.0,134.0,88.0,110.0,148.0,141.0,120.0,72.0,144.0,154.0,187.0,194.0,238.0,142.0,181.0,157.0,151.0,141.0,144.0,177.0,132.0,140.0,130.0,108.0,115.0,148.0,146.0,136.0,71.0,0.0,18.0,99.0,148.0,137.0,130.0,155.0,121.0,85.0,84.0,136.0,78.0,53.0,96.0,137.0,178.0,131.0,192.0,147.0,86.0,59.0,86.0,144.0,95.0,131.0,107.0,99.0,190.0,211.0,161.0,187.0,177.0,128.0,177.0,156.0,151.0,177.0,217.0,117.0,136.0,143.0,116.0,210.0,261.0,213.0,194.0,152.0,190.0,197.0,156.0,155.0,88.0,90.0,113.0,165.0,163.0,169.0,155.0,154.0,97.0,137.0,115.0,62.0,37.0,48.0,59.0,113.0,155.0,162.0
33,132.0,108.0,157.0,133.0,106.0,128.0,161.0,154.0,102.0,54.0,126.0,136.0,169.0,192.0,244.0,148.0,187.0,139.0,169.0,139.0,142.0,179.0,134.0,136.0,148.0,126.0,133.0,130.0,164.0,149.0,84.0,18.0,0.0,81.0,148.0,155.0,136.0,137.0,103.0,67.0,66.0,118.0,96.0,71.0,114.0,155.0,196.0,149.0,180.0,135.0,68.0,41.0,68.0,144.0,113.0,149.0,125.0,117.0,208.0,193.0,179.0,186.0,159.0,110.0,179.0,149.0,144.0,170.0,235.0,135.0,125.0,131.0,104.0,198.0,262.0,215.0,196.0,170.0,184.0,209.0,168.0,169.0,106.0,108.0,95.0,147.0,169.0,175.0,173.0,172.0,115.0,155.0,133.0,80.0,55.0,66.0,77.0,107.0,155.0,162.0
34,111.0,125.0,174.0,214.0,187.0,209.0,211.0,204.0,183.0,135.0,205.0,195.0,219.0,169.0,188.0,92.0,131.0,135.0,92.0,169.0,172.0,146.0,101.0,109.0,193.0,207.0,214.0,211.0,155.0,78.0,143.0,99.0,81.0,0.0,67.0,78.0,99.0,56.0,118.0,148.0,147.0,199.0,177.0,152.0,195.0,236.0,213.0,170.0,186.0,141.0,149.0,122.0,149.0,207.0,158.0,166.0,142.0,134.0,225.0,189.0,123.0,206.0,183.0,125.0,118.0,68.0,63.0,89.0,183.0,129.0,110.0,137.0,164.0,258.0,230.0,182.0,163.0,246.0,180.0,236.0,195.0,194.0,127.0,139.0,176.0,196.0,113.0,119.0,158.0,159.0,132.0,192.0,214.0,161.0,136.0,147.0,158.0,167.0,212.0,205.0
35,71.0,58.0,107.0,179.0,140.0,152.0,144.0,137.0,189.0,202.0,138.0,128.0,161.0,155.0,121.0,25.0,64.0,68.0,25.0,102.0,105.0,79.0,34.0,42.0,126.0,148.0,157.0,199.0,198.0,134.0,199.0,148.0,148.0,67.0,0.0,11.0,32.0,117.0,170.0,134.0,135.0,187.0,138.0,113.0,156.0,187.0,146.0,103.0,119.0,74.0,100.0,127.0,110.0,140.0,91.0,99.0,75.0,67.0,158.0,122.0,56.0,139.0,116.0,58.0,79.0,124.0,119.0,145.0,155.0,62.0,43.0,70.0,97.0,191.0,163.0,115.0,96.0,179.0,113.0,169.0,128.0,127.0,60.0,72.0,127.0,129.0,46.0,52.0,91.0,92.0,65.0,125.0,147.0,136.0,111.0,100.0,111.0,100.0,151.0,158.0
36,60.0,47.0,96.0,168.0,129.0,141.0,133.0,126.0,178.0,199.0,127.0,117.0,150.0,144.0,110.0,14.0,53.0,57.0,14.0,91.0,94.0,68.0,23.0,31.0,115.0,137.0,146.0,188.0,187.0,123.0,188.0,137.0,155.0,78.0,11.0,0.0,21.0,106.0,159.0,123.0,124.0,176.0,127.0,102.0,145.0,176.0,135.0,92.0,108.0,63.0,89.0,116.0,99.0,129.0,80.0,88.0,64.0,56.0,147.0,111.0,67.0,132.0,105.0,47.0,68.0,113.0,108.0,134.0,144.0,51.0,32.0,59.0,86.0,180.0,152.0,104.0,85.0,168.0,102.0,158.0,117.0,116.0,49.0,61.0,116.0,118.0,35.0,41.0,80.0,81.0,54.0,114.0,136.0,125.0,100.0,89.0,100.0,89.0,140.0,147.0
37,39.0,57.0,106.0,168.0,122.0,130.0,112.0,105.0,157.0,189.0,117.0,107.0,140.0,143.0,108.0,12.0,51.0,36.0,35.0,90.0,93.0,47.0,2.0,10.0,94.0,116.0,125.0,167.0,179.0,102.0,167.0,130.0,136.0,99.0,32.0,21.0,0.0,85.0,138.0,102.0,103.0,155.0,106.0,81.0,124.0,155.0,114.0,102.0,87.0,42.0,68.0,95.0,78.0,108.0,59.0,80.0,56.0,48.0,139.0,90.0,88.0,111.0,84.0,26.0,47.0,92.0,87.0,113.0,130.0,30.0,11.0,38.0,65.0,159.0,131.0,83.0,64.0,147.0,100.0,156.0,127.0,126.0,59.0,40.0,95.0,116.0,33.0,39.0,78.0,79.0,50.0,110.0,132.0,118.0,93.0,82.0,93.0,68.0,119.0,126.0
38,124.0,142.0,191.0,166.0,207.0,215.0,197.0,190.0,239.0,191.0,202.0,192.0,225.0,223.0,193.0,97.0,136.0,121.0,120.0,170.0,173.0,132.0,87.0,95.0,179.0,201.0,210.0,163.0,211.0,134.0,199.0,155.0,137.0,56.0,117.0,106.0,85.0,0.0,62.0,98.0,99.0,151.0,191.0,166.0,209.0,240.0,199.0,187.0,172.0,127.0,151.0,124.0,151.0,193.0,144.0,165.0,141.0,133.0,224.0,175.0,173.0,196.0,169.0,111.0,132.0,124.0,119.0,145.0,215.0,115.0,96.0,123.0,135.0,229.0,216.0,168.0,149.0,232.0,185.0,241.0,212.0,211.0,144.0,125.0,178.0,201.0,118.0,124.0,163.0,164.0,135.0,195.0,217.0,203.0,178.0,167.0,178.0,138.0,204.0,211.0
39,177.0,159.0,176.0,104.0,150.0,172.0,204.0,211.0,205.0,157.0,198.0,191.0,211.0,161.0,246.0,150.0,189.0,160.0,173.0,108.0,111.0,185.0,140.0,148.0,203.0,181.0,172.0,101.0,200.0,196.0,187.0,121.0,103.0,118.0,170.0,159.0,138.0,62.0,0.0,36.0,37.0,89.0,146.0,171.0,214.0,252.0,238.0,193.0,149.0,104.0,89.0,62.0,89.0,156.0,166.0,182.0,158.0,150.0,241.0,178.0,226.0,216.0,189.0,131.0,185.0,186.0,181.0,207.0,253.0,165.0,146.0,100.0,73.0,167.0,231.0,221.0,202.0,240.0,153.0,200.0,159.0,160.0,161.0,178.0,116.0,168.0,156.0,150.0,189.0,190.0,152.0,199.0,177.0,177.0,152.0,141.0,130.0,76.0,145.0,152.0
40,141.0,123.0,140.0,68.0,114.0,136.0,168.0,175.0,169.0,121.0,162.0,155.0,175.0,125.0,210.0,114.0,153.0,124.0,137.0,72.0,75.0,149.0,104.0,112.0,167.0,145.0,136.0,65.0,164.0,178.0,151.0,85.0,67.0,148.0,134.0,123.0,102.0,98.0,36.0,0.0,1.0,53.0,110.0,135.0,178.0,216.0,202.0,157.0,113.0,68.0,53.0,26.0,53.0,120.0,130.0,146.0,122.0,114.0,205.0,142.0,190.0,180.0,153.0,95.0,149.0,194.0,189.0,205.0,217.0,129.0,110.0,64.0,37.0,131.0,195.0,185.0,166.0,204.0,117.0,164.0,123.0,124.0,125.0,142.0,80.0,132.0,120.0,114.0,153.0,154.0,116.0,163.0,141.0,141.0,116.0,105.0,94.0,40.0,109.0,116.0
41,142.0,124.0,139.0,67.0,113.0,135.0,167.0,174.0,168.0,120.0,163.0,156.0,176.0,126.0,211.0,115.0,154.0,123.0,138.0,73.0,76.0,150.0,105.0,113.0,166.0,144.0,135.0,64.0,163.0,177.0,150.0,84.0,66.0,147.0,135.0,124.0,103.0,99.0,37.0,1.0,0.0,52.0,109.0,134.0,177.0,217.0,201.0,158.0,114.0,69.0,52.0,25.0,52.0,121.0,131.0,147.0,123.0,115.0,206.0,141.0,191.0,179.0,152.0,94.0,150.0,195.0,190.0,206.0,218.0,128.0,109.0,65.0,38.0,132.0,196.0,186.0,167.0,205.0,118.0,165.0,124.0,125.0,126.0,143.0,79.0,131.0,121.0,115.0,154.0,155.0,117.0,162.0,140.0,142.0,117.0,106.0,95.0,41.0,110.0,117.0
42,160.0,136.0,87.0,15.0,61.0,83.0,169.0,176.0,220.0,172.0,215.0,206.0,228.0,178.0,263.0,167.0,206.0,175.0,190.0,125.0,128.0,202.0,157.0,165.0,119.0,97.0,88.0,116.0,199.0,223.0,202.0,136.0,118.0,199.0,187.0,176.0,155.0,151.0,89.0,53.0,52.0,0.0,100.0,125.0,168.0,212.0,253.0,181.0,166.0,121.0,104.0,77.0,104.0,173.0,148.0,117.0,141.0,145.0,236.0,193.0,236.0,231.0,204.0,146.0,202.0,213.0,208.0,234.0,263.0,163.0,161.0,117.0,90.0,184.0,248.0,238.0,219.0,224.0,170.0,217.0,176.0,177.0,138.0,143.0,131.0,183.0,173.0,167.0,201.0,200.0,143.0,110.0,88.0,137.0,112.0,101.0,112.0,93.0,162.0,169.0
43,129.0,105.0,152.0,115.0,116.0,94.0,172.0,179.0,198.0,150.0,185.0,175.0,208.0,209.0,214.0,118.0,157.0,142.0,141.0,156.0,159.0,153.0,108.0,116.0,102.0,80.0,89.0,160.0,206.0,182.0,149.0,78.0,96.0,177.0,138.0,127.0,106.0,191.0,146.0,110.0,109.0,100.0,0.0,25.0,68.0,129.0,170.0,146.0,193.0,148.0,57.0,84.0,111.0,162.0,155.0,146.0,122.0,114.0,205.0,196.0,194.0,163.0,157.0,99.0,153.0,182.0,177.0,203.0,232.0,132.0,114.0,144.0,147.0,241.0,237.0,189.0,170.0,124.0,206.0,212.0,171.0,170.0,103.0,66.0,84.0,136.0,139.0,145.0,170.0,169.0,112.0,121.0,99.0,140.0,115.0,108.0,119.0,150.0,173.0,180.0
44,104.0,80.0,127.0,137.0,91.0,69.0,155.0,162.0,173.0,125.0,160.0,150.0,183.0,184.0,189.0,93.0,132.0,117.0,116.0,131.0,134.0,128.0,83.0,91.0,77.0,55.0,64.0,135.0,181.0,167.0,124.0,53.0,71.0,152.0,113.0,102.0,81.0,166.0,171.0,135.0,134.0,125.0,25.0,0.0,43.0,104.0,145.0,121.0,168.0,123.0,82.0,109.0,136.0,137.0,130.0,121.0,97.0,89.0,180.0,171.0,169.0,138.0,165.0,107.0,128.0,157.0,152.0,178.0,207.0,107.0,92.0,119.0,146.0,225.0,212.0,164.0,145.0,99.0,181.0,187.0,146.0,145.0,78.0,41.0,109.0,161.0,114.0,120.0,145.0,144.0,87.0,96.0,74.0,115.0,90.0,83.0,94.0,148.0,148.0,155.0
45,147.0,123.0,170.0,180.0,134.0,112.0,198.0,205.0,216.0,168.0,203.0,193.0,226.0,227.0,232.0,136.0,175.0,160.0,159.0,174.0,177.0,156.0,126.0,134.0,120.0,98.0,107.0,178.0,224.0,210.0,167.0,96.0,114.0,195.0,156.0,145.0,124.0,209.0,214.0,178.0,177.0,168.0,68.0,43.0,0.0,61.0,102.0,164.0,211.0,166.0,125.0,152.0,179.0,180.0,173.0,164.0,140.0,132.0,223.0,214.0,212.0,181.0,208.0,150.0,171.0,200.0,195.0,221.0,250.0,150.0,135.0,162.0,189.0,268.0,206.0,158.0,139.0,56.0,143.0,199.0,189.0,188.0,121.0,84.0,152.0,204.0,157.0,163.0,188.0,187.0,130.0,139.0,117.0,136.0,133.0,126.0,137.0,191.0,191.0,198.0
46,177.0,153.0,202.0,197.0,151.0,173.0,211.0,204.0,256.0,209.0,233.0,223.0,256.0,257.0,263.0,167.0,206.0,119.0,190.0,204.0,207.0,198.0,153.0,145.0,181.0,159.0,168.0,239.0,209.0,240.0,208.0,137.0,155.0,236.0,187.0,176.0,155.0,240.0,252.0,216.0,217.0,212.0,129.0,104.0,61.0,0.0,41.0,113.0,206.0,197.0,186.0,196.0,190.0,207.0,158.0,194.0,170.0,162.0,253.0,173.0,174.0,242.0,235.0,177.0,198.0,230.0,225.0,251.0,280.0,180.0,162.0,193.0,179.0,273.0,267.0,219.0,200.0,117.0,204.0,260.0,219.0,218.0,151.0,145.0,213.0,204.0,188.0,194.0,218.0,217.0,160.0,196.0,174.0,75.0,100.0,111.0,122.0,176.0,218.0,225.0
47,141.0,117.0,166.0,238.0,192.0,211.0,199.0,206.0,258.0,250.0,197.0,187.0,220.0,221.0,222.0,126.0,165.0,78.0,149.0,168.0,171.0,157.0,112.0,104.0,188.0,200.0,209.0,209.0,250.0,204.0,249.0,178.0,196.0,213.0,146.0,135.0,114.0,199.0,238.0,202.0,201.0,253.0,170.0,145.0,102.0,41.0,0.0,72.0,165.0,156.0,178.0,176.0,149.0,218.0,169.0,158.0,134.0,126.0,213.0,132.0,202.0,221.0,194.0,136.0,157.0,194.0,189.0,215.0,240.0,140.0,121.0,152.0,179.0,264.0,241.0,193.0,174.0,158.0,214.0,224.0,183.0,182.0,115.0,152.0,205.0,163.0,147.0,153.0,182.0,181.0,124.0,184.0,206.0,116.0,141.0,152.0,163.0,182.0,229.0,235.0
48,69.0,45.0,94.0,166.0,123.0,139.0,183.0,176.0,228.0,197.0,125.0,115.0,148.0,149.0,202.0,106.0,145.0,134.0,106.0,96.0,99.0,138.0,100.0,108.0,144.0,153.0,144.0,215.0,181.0,132.0,197.0,131.0,149.0,170.0,103.0,92.0,102.0,187.0,193.0,157.0,158.0,181.0,146.0,121.0,164.0,113.0,72.0,0.0,93.0,97.0,148.0,175.0,170.0,177.0,130.0,86.0,62.0,54.0,145.0,188.0,159.0,165.0,138.0,106.0,145.0,122.0,117.0,143.0,172.0,72.0,91.0,93.0,120.0,192.0,222.0,174.0,155.0,220.0,194.0,152.0,111.0,110.0,43.0,80.0,149.0,201.0,127.0,133.0,110.0,109.0,52.0,112.0,134.0,119.0,94.0,83.0,94.0,123.0,170.0,163.0
49,126.0,138.0,187.0,181.0,184.0,180.0,186.0,179.0,231.0,211.0,139.0,149.0,182.0,164.0,195.0,99.0,138.0,123.0,122.0,111.0,114.0,134.0,89.0,97.0,181.0,166.0,175.0,178.0,220.0,189.0,241.0,192.0,180.0,186.0,119.0,108.0,87.0,172.0,149.0,113.0,114.0,166.0,193.0,168.0,211.0,206.0,165.0,93.0,0.0,45.0,145.0,139.0,160.0,84.0,133.0,167.0,143.0,135.0,226.0,177.0,175.0,198.0,171.0,113.0,134.0,179.0,174.0,200.0,194.0,117.0,98.0,49.0,76.0,170.0,218.0,170.0,151.0,234.0,152.0,203.0,162.0,163.0,136.0,127.0,172.0,180.0,97.0,91.0,130.0,131.0,137.0,197.0,185.0,180.0,155.0,144.0,133.0,79.0,95.0,102.0
50,81.0,99.0,148.0,136.0,139.0,161.0,154.0,147.0,199.0,166.0,94.0,104.0,137.0,119.0,150.0,54.0,93.0,78.0,77.0,66.0,69.0,89.0,44.0,52.0,136.0,158.0,166.0,133.0,175.0,144.0,196.0,147.0,135.0,141.0,74.0,63.0,42.0,127.0,104.0,68.0,69.0,121.0,148.0,123.0,166.0,197.0,156.0,97.0,45.0,0.0,100.0,94.0,120.0,114.0,101.0,122.0,98.0,90.0,181.0,132.0,130.0,153.0,126.0,68.0,89.0,134.0,129.0,155.0,149.0,72.0,53.0,4.0,31.0,125.0,173.0,125.0,106.0,189.0,107.0,158.0,117.0,118.0,101.0,82.0,127.0,135.0,52.0,46.0,85.0,86.0,92.0,152.0,166.0,135.0,110.0,99.0,88.0,34.0,103.0,110.0
51,107.0,103.0,152.0,119.0,80.0,102.0,115.0,122.0,170.0,122.0,133.0,123.0,156.0,178.0,176.0,80.0,119.0,100.0,103.0,125.0,128.0,111.0,66.0,74.0,138.0,116.0,107.0,116.0,202.0,125.0,152.0,86.0,68.0,149.0,100.0,89.0,68.0,151.0,89.0,53.0,52.0,104.0,57.0,82.0,125.0,186.0,178.0,148.0,145.0,100.0,0.0,27.0,54.0,130.0,123.0,126.0,102.0,94.0,185.0,154.0,156.0,127.0,100.0,42.0,111.0,145.0,140.0,166.0,176.0,76.0,57.0,104.0,90.0,184.0,195.0,147.0,128.0,181.0,168.0,196.0,155.0,156.0,105.0,96.0,27.0,79.0,101.0,107.0,146.0,147.0,96.0,129.0,107.0,148.0,123.0,120.0,130.0,93.0,141.0,148.0
52,134.0,130.0,164.0,92.0,107.0,129.0,142.0,149.0,143.0,95.0,160.0,150.0,183.0,151.0,203.0,107.0,146.0,98.0,130.0,98.0,101.0,138.0,93.0,95.0,165.0,143.0,134.0,89.0,188.0,152.0,125.0,59.0,41.0,122.0,127.0,116.0,95.0,124.0,62.0,26.0,25.0,77.0,84.0,109.0,152.0,196.0,176.0,175.0,139.0,94.0,27.0,0.0,27.0,103.0,139.0,153.0,129.0,121.0,212.0,152.0,183.0,154.0,127.0,69.0,138.0,172.0,167.0,193.0,203.0,103.0,84.0,90.0,63.0,157.0,221.0,174.0,155.0,208.0,143.0,190.0,149.0,150.0,132.0,123.0,54.0,106.0,128.0,134.0,173.0,174.0,123.0,156.0,134.0,121.0,96.0,107.0,103.0,66.0,114.0,121.0
53,117.0,129.0,178.0,119.0,127.0,149.0,165.0,158.0,170.0,122.0,187.0,177.0,210.0,178.0,186.0,90.0,129.0,71.0,113.0,125.0,128.0,121.0,76.0,68.0,152.0,158.0,154.0,116.0,163.0,179.0,152.0,86.0,68.0,149.0,110.0,99.0,78.0,151.0,89.0,53.0,52.0,104.0,111.0,136.0,179.0,190.0,149.0,170.0,160.0,120.0,54.0,27.0,0.0,76.0,112.0,154.0,130.0,122.0,206.0,125.0,166.0,181.0,154.0,96.0,121.0,170.0,165.0,191.0,204.0,104.0,85.0,116.0,90.0,184.0,205.0,157.0,138.0,221.0,170.0,217.0,176.0,177.0,127.0,118.0,81.0,133.0,111.0,117.0,156.0,157.0,124.0,176.0,154.0,123.0,98.0,87.0,76.0,93.0,87.0,94.0
54,112.0,136.0,150.0,164.0,118.0,96.0,102.0,95.0,147.0,195.0,195.0,185.0,152.0,102.0,200.0,120.0,159.0,140.0,143.0,112.0,115.0,151.0,106.0,114.0,104.0,82.0,91.0,162.0,172.0,175.0,215.0,144.0,144.0,207.0,140.0,129.0,108.0,193.0,156.0,120.0,121.0,173.0,162.0,137.0,180.0,207.0,218.0,177.0,84.0,114.0,130.0,103.0,76.0,0.0,49.0,120.0,144.0,145.0,236.0,194.0,196.0,215.0,188.0,130.0,151.0,165.0,160.0,182.0,234.0,134.0,115.0,110.0,83.0,177.0,235.0,187.0,168.0,236.0,157.0,210.0,169.0,170.0,136.0,138.0,157.0,138.0,141.0,147.0,186.0,187.0,143.0,123.0,101.0,132.0,107.0,96.0,85.0,80.0,11.0,18.0
55,98.0,89.0,101.0,133.0,87.0,109.0,53.0,46.0,98.0,146.0,169.0,159.0,192.0,151.0,167.0,71.0,110.0,91.0,94.0,122.0,125.0,102.0,57.0,65.0,145.0,123.0,114.0,185.0,123.0,161.0,166.0,95.0,113.0,158.0,91.0,80.0,59.0,144.0,166.0,130.0,131.0,148.0,155.0,130.0,173.0,158.0,169.0,130.0,133.0,101.0,123.0,139.0,112.0,49.0,0.0,71.0,95.0,98.0,189.0,145.0,147.0,166.0,139.0,81.0,102.0,151.0,146.0,172.0,185.0,85.0,66.0,97.0,93.0,187.0,186.0,138.0,119.0,202.0,159.0,196.0,155.0,154.0,87.0,89.0,141.0,89.0,92.0,98.0,137.0,138.0,96.0,136.0,114.0,83.0,58.0,47.0,36.0,90.0,60.0,67.0
56,65.0,41.0,30.0,102.0,123.0,116.0,124.0,117.0,169.0,179.0,107.0,97.0,130.0,127.0,188.0,92.0,131.0,112.0,102.0,74.0,77.0,123.0,78.0,86.0,80.0,102.0,111.0,182.0,181.0,128.0,193.0,131.0,149.0,166.0,99.0,88.0,80.0,165.0,182.0,146.0,147.0,117.0,146.0,121.0,164.0,194.0,158.0,86.0,167.0,122.0,126.0,153.0,154.0,120.0,71.0,0.0,24.0,32.0,123.0,166.0,155.0,147.0,120.0,84.0,123.0,118.0,113.0,139.0,150.0,50.0,69.0,118.0,109.0,128.0,192.0,159.0,140.0,220.0,180.0,152.0,111.0,110.0,43.0,80.0,149.0,160.0,113.0,119.0,92.0,91.0,34.0,94.0,116.0,119.0,94.0,83.0,94.0,106.0,131.0,138.0
57,41.0,17.0,54.0,126.0,99.0,97.0,148.0,141.0,193.0,155.0,83.0,73.0,106.0,103.0,164.0,68.0,107.0,88.0,78.0,50.0,53.0,99.0,54.0,62.0,104.0,111.0,102.0,173.0,157.0,104.0,169.0,107.0,125.0,142.0,75.0,64.0,56.0,141.0,158.0,122.0,123.0,141.0,122.0,97.0,140.0,170.0,134.0,62.0,143.0,98.0,102.0,129.0,130.0,144.0,95.0,24.0,0.0,8.0,99.0,142.0,131.0,123.0,96.0,60.0,99.0,94.0,89.0,115.0,126.0,26.0,45.0,94.0,85.0,152.0,183.0,135.0,116.0,196.0,156.0,128.0,87.0,86.0,19.0,56.0,125.0,172.0,89.0,95.0,68.0,67.0,10.0,70.0,92.0,95.0,70.0,59.0,70.0,82.0,142.0,135.0
58,33.0,9.0,58.0,130.0,91.0,89.0,151.0,144.0,195.0,147.0,75.0,65.0,98.0,95.0,156.0,60.0,99.0,80.0,70.0,42.0,45.0,91.0,46.0,54.0,108.0,103.0,94.0,165.0,149.0,96.0,161.0,99.0,117.0,134.0,67.0,56.0,48.0,133.0,150.0,114.0,115.0,145.0,114.0,89.0,132.0,162.0,126.0,54.0,135.0,90.0,94.0,121.0,122.0,145.0,98.0,32.0,8.0,0.0,91.0,134.0,123.0,115.0,88.0,52.0,91.0,86.0,81.0,107.0,118.0,18.0,37.0,86.0,77.0,156.0,175.0,127.0,108.0,188.0,148.0,120.0,79.0,78.0,11.0,48.0,117.0,164.0,81.0,87.0,60.0,59.0,2.0,62.0,84.0,87.0,62.0,51.0,62.0,74.0,134.0,127.0
59,124.0,100.0,149.0,221.0,182.0,180.0,242.0,235.0,286.0,238.0,166.0,156.0,189.0,186.0,247.0,151.0,190.0,135.0,161.0,133.0,136.0,182.0,137.0,145.0,199.0,194.0,185.0,158.0,240.0,187.0,252.0,190.0,208.0,225.0,158.0,147.0,139.0,224.0,241.0,205.0,206.0,236.0,205.0,180.0,223.0,253.0,213.0,145.0,226.0,181.0,185.0,212.0,206.0,236.0,189.0,123.0,99.0,91.0,0.0,81.0,181.0,206.0,179.0,143.0,182.0,177.0,172.0,198.0,209.0,109.0,128.0,177.0,168.0,247.0,266.0,218.0,199.0,279.0,239.0,211.0,170.0,169.0,102.0,139.0,208.0,220.0,172.0,178.0,151.0,150.0,93.0,153.0,175.0,178.0,153.0,142.0,153.0,165.0,225.0,218.0
60,129.0,143.0,192.0,208.0,175.0,153.0,175.0,182.0,234.0,247.0,203.0,193.0,226.0,229.0,198.0,102.0,141.0,54.0,125.0,176.0,179.0,133.0,88.0,80.0,164.0,157.0,148.0,77.0,176.0,192.0,257.0,211.0,193.0,189.0,122.0,111.0,90.0,175.0,178.0,142.0,141.0,193.0,196.0,171.0,214.0,173.0,132.0,188.0,177.0,132.0,154.0,152.0,125.0,194.0,145.0,166.0,142.0,134.0,81.0,0.0,100.0,183.0,170.0,112.0,133.0,182.0,177.0,203.0,216.0,116.0,97.0,128.0,155.0,249.0,217.0,169.0,150.0,233.0,190.0,246.0,213.0,212.0,145.0,130.0,181.0,139.0,123.0,129.0,168.0,169.0,136.0,180.0,158.0,199.0,183.0,172.0,181.0,158.0,205.0,212.0
61,127.0,114.0,163.0,221.0,175.0,197.0,200.0,193.0,245.0,215.0,143.0,133.0,166.0,211.0,177.0,81.0,120.0,124.0,81.0,158.0,161.0,135.0,90.0,98.0,182.0,204.0,202.0,177.0,233.0,190.0,232.0,161.0,179.0,123.0,56.0,67.0,88.0,173.0,226.0,190.0,191.0,236.0,194.0,169.0,212.0,174.0,202.0,159.0,175.0,130.0,156.0,183.0,166.0,196.0,147.0,155.0,131.0,123.0,181.0,100.0,0.0,83.0,110.0,114.0,135.0,180.0,175.0,201.0,211.0,118.0,99.0,126.0,153.0,247.0,219.0,171.0,152.0,235.0,169.0,206.0,165.0,166.0,116.0,128.0,183.0,185.0,102.0,108.0,147.0,148.0,121.0,181.0,198.0,99.0,124.0,135.0,146.0,156.0,207.0,214.0
62,144.0,120.0,169.0,225.0,179.0,200.0,219.0,212.0,180.0,132.0,60.0,50.0,83.0,133.0,219.0,123.0,162.0,143.0,146.0,157.0,160.0,154.0,109.0,117.0,201.0,193.0,202.0,243.0,237.0,168.0,162.0,187.0,186.0,206.0,139.0,132.0,111.0,196.0,216.0,180.0,179.0,231.0,163.0,138.0,181.0,242.0,221.0,165.0,198.0,153.0,127.0,154.0,181.0,215.0,166.0,147.0,123.0,115.0,206.0,183.0,83.0,0.0,27.0,85.0,154.0,188.0,183.0,209.0,219.0,119.0,100.0,149.0,168.0,262.0,238.0,190.0,171.0,237.0,179.0,123.0,82.0,83.0,122.0,97.0,154.0,206.0,144.0,150.0,171.0,170.0,113.0,173.0,195.0,175.0,150.0,139.0,150.0,171.0,224.0,231.0
63,117.0,93.0,142.0,214.0,175.0,173.0,192.0,185.0,153.0,105.0,33.0,23.0,56.0,106.0,192.0,96.0,135.0,116.0,119.0,130.0,133.0,127.0,82.0,90.0,174.0,187.0,178.0,216.0,218.0,141.0,135.0,177.0,159.0,183.0,116.0,105.0,84.0,169.0,189.0,153.0,152.0,204.0,157.0,165.0,208.0,235.0,194.0,138.0,171.0,126.0,100.0,127.0,154.0,188.0,139.0,120.0,96.0,88.0,179.0,170.0,110.0,27.0,0.0,58.0,127.0,161.0,156.0,182.0,192.0,92.0,73.0,122.0,141.0,235.0,211.0,163.0,144.0,227.0,152.0,96.0,55.0,56.0,95.0,124.0,127.0,179.0,117.0,123.0,144.0,143.0,86.0,146.0,168.0,171.0,146.0,135.0,146.0,144.0,197.0,204.0
64,65.0,61.0,110.0,161.0,122.0,141.0,134.0,127.0,179.0,163.0,91.0,81.0,114.0,147.0,134.0,38.0,77.0,58.0,61.0,94.0,97.0,69.0,24.0,32.0,116.0,138.0,146.0,158.0,160.0,83.0,148.0,128.0,110.0,125.0,58.0,47.0,26.0,111.0,131.0,95.0,94.0,146.0,99.0,107.0,150.0,177.0,136.0,106.0,113.0,68.0,42.0,69.0,96.0,130.0,81.0,84.0,60.0,52.0,143.0,112.0,114.0,85.0,58.0,0.0,69.0,103.0,98.0,124.0,134.0,34.0,15.0,64.0,91.0,185.0,153.0,105.0,86.0,169.0,126.0,154.0,113.0,114.0,63.0,66.0,69.0,121.0,59.0,65.0,104.0,105.0,54.0,114.0,136.0,139.0,114.0,103.0,114.0,94.0,141.0,148.0
65,86.0,100.0,149.0,215.0,169.0,173.0,155.0,148.0,200.0,165.0,160.0,150.0,183.0,161.0,155.0,59.0,98.0,79.0,79.0,133.0,136.0,90.0,45.0,53.0,137.0,159.0,168.0,210.0,147.0,70.0,135.0,177.0,179.0,118.0,79.0,68.0,47.0,132.0,185.0,149.0,150.0,202.0,153.0,128.0,171.0,198.0,157.0,145.0,134.0,89.0,111.0,138.0,121.0,151.0,102.0,123.0,99.0,91.0,182.0,133.0,135.0,154.0,127.0,69.0,0.0,50.0,55.0,81.0,173.0,73.0,54.0,85.0,112.0,206.0,174.0,126.0,107.0,190.0,147.0,203.0,170.0,169.0,102.0,87.0,138.0,163.0,80.0,86.0,125.0,126.0,93.0,153.0,175.0,165.0,140.0,129.0,138.0,115.0,162.0,169.0
66,53.0,77.0,126.0,198.0,159.0,171.0,204.0,197.0,163.0,115.0,157.0,147.0,161.0,111.0,200.0,104.0,143.0,128.0,127.0,128.0,131.0,139.0,94.0,102.0,176.0,185.0,176.0,196.0,97.0,20.0,85.0,156.0,149.0,68.0,124.0,113.0,92.0,124.0,186.0,194.0,195.0,213.0,182.0,157.0,200.0,230.0,194.0,122.0,179.0,134.0,145.0,172.0,170.0,165.0,151.0,118.0,94.0,86.0,177.0,182.0,180.0,188.0,161.0,103.0,50.0,0.0,5.0,31.0,125.0,104.0,103.0,130.0,157.0,224.0,223.0,175.0,156.0,239.0,192.0,188.0,147.0,146.0,79.0,116.0,172.0,208.0,125.0,131.0,142.0,141.0,84.0,144.0,166.0,155.0,130.0,119.0,130.0,160.0,154.0,147.0
67,48.0,72.0,121.0,193.0,154.0,166.0,199.0,192.0,158.0,110.0,152.0,142.0,156.0,106.0,195.0,99.0,138.0,123.0,122.0,123.0,126.0,134.0,89.0,97.0,171.0,180.0,171.0,191.0,92.0,15.0,80.0,151.0,144.0,63.0,119.0,108.0,87.0,119.0,181.0,189.0,190.0,208.0,177.0,152.0,195.0,225.0,189.0,117.0,174.0,129.0,140.0,167.0,165.0,160.0,146.0,113.0,89.0,81.0,172.0,177.0,175.0,183.0,156.0,98.0,55.0,5.0,0.0,26.0,120.0,99.0,98.0,125.0,152.0,219.0,218.0,170.0,151.0,234.0,187.0,183.0,142.0,141.0,74.0,111.0,167.0,203.0,120.0,126.0,137.0,136.0,79.0,139.0,161.0,150.0,125.0,114.0,125.0,155.0,149.0,142.0
68,74.0,98.0,147.0,219.0,180.0,192.0,225.0,218.0,184.0,136.0,173.0,163.0,130.0,80.0,178.0,125.0,164.0,149.0,148.0,133.0,130.0,160.0,115.0,123.0,197.0,206.0,197.0,217.0,118.0,41.0,106.0,177.0,170.0,89.0,145.0,134.0,113.0,145.0,207.0,205.0,206.0,234.0,203.0,178.0,221.0,251.0,215.0,143.0,200.0,155.0,166.0,193.0,191.0,182.0,172.0,139.0,115.0,107.0,198.0,203.0,201.0,209.0,182.0,124.0,81.0,31.0,26.0,0.0,94.0,125.0,124.0,151.0,168.0,245.0,244.0,196.0,177.0,260.0,213.0,209.0,168.0,167.0,100.0,137.0,193.0,229.0,146.0,152.0,158.0,159.0,105.0,165.0,187.0,176.0,151.0,140.0,151.0,165.0,171.0,168.0
69,151.0,127.0,176.0,248.0,209.0,207.0,228.0,231.0,278.0,230.0,193.0,183.0,216.0,174.0,226.0,130.0,169.0,162.0,158.0,160.0,163.0,173.0,128.0,136.0,220.0,221.0,212.0,282.0,212.0,135.0,200.0,217.0,235.0,183.0,155.0,144.0,130.0,215.0,253.0,217.0,218.0,263.0,232.0,207.0,250.0,280.0,240.0,172.0,194.0,149.0,176.0,203.0,204.0,234.0,185.0,150.0,126.0,118.0,209.0,216.0,211.0,219.0,192.0,134.0,173.0,125.0,120.0,94.0,0.0,100.0,119.0,153.0,180.0,274.0,257.0,209.0,190.0,251.0,164.0,220.0,197.0,196.0,129.0,166.0,203.0,192.0,109.0,103.0,64.0,65.0,120.0,180.0,202.0,205.0,180.0,169.0,180.0,183.0,245.0,245.0
70,51.0,27.0,76.0,148.0,109.0,107.0,138.0,131.0,183.0,165.0,93.0,83.0,116.0,113.0,138.0,42.0,81.0,62.0,65.0,60.0,63.0,73.0,28.0,36.0,120.0,121.0,112.0,183.0,167.0,114.0,179.0,117.0,135.0,129.0,62.0,51.0,30.0,115.0,165.0,129.0,128.0,163.0,132.0,107.0,150.0,180.0,140.0,72.0,117.0,72.0,76.0,103.0,104.0,134.0,85.0,50.0,26.0,18.0,109.0,116.0,118.0,119.0,92.0,34.0,73.0,104.0,99.0,125.0,100.0,0.0,19.0,68.0,95.0,174.0,157.0,109.0,90.0,173.0,130.0,138.0,97.0,96.0,29.0,66.0,103.0,146.0,63.0,69.0,78.0,77.0,20.0,80.0,102.0,105.0,80.0,69.0,80.0,92.0,145.0,145.0
71,50.0,46.0,95.0,167.0,128.0,126.0,119.0,112.0,164.0,178.0,106.0,96.0,129.0,132.0,119.0,23.0,62.0,43.0,46.0,79.0,82.0,54.0,9.0,17.0,101.0,123.0,131.0,173.0,175.0,98.0,163.0,136.0,125.0,110.0,43.0,32.0,11.0,96.0,146.0,110.0,109.0,161.0,114.0,92.0,135.0,162.0,121.0,91.0,98.0,53.0,57.0,84.0,85.0,115.0,66.0,69.0,45.0,37.0,128.0,97.0,99.0,100.0,73.0,15.0,54.0,103.0,98.0,124.0,119.0,19.0,0.0,49.0,76.0,170.0,138.0,90.0,71.0,154.0,111.0,157.0,116.0,115.0,48.0,51.0,84.0,127.0,44.0,50.0,89.0,90.0,39.0,99.0,121.0,124.0,99.0,88.0,99.0,79.0,126.0,133.0
72,77.0,95.0,144.0,132.0,135.0,157.0,150.0,143.0,195.0,170.0,98.0,108.0,141.0,115.0,146.0,50.0,89.0,74.0,73.0,62.0,65.0,85.0,40.0,48.0,132.0,154.0,162.0,129.0,171.0,140.0,200.0,143.0,131.0,137.0,70.0,59.0,38.0,123.0,100.0,64.0,65.0,117.0,144.0,119.0,162.0,193.0,152.0,93.0,49.0,4.0,104.0,90.0,116.0,110.0,97.0,118.0,94.0,86.0,177.0,128.0,126.0,149.0,122.0,64.0,85.0,130.0,125.0,151.0,153.0,68.0,49.0,0.0,27.0,121.0,169.0,121.0,102.0,185.0,107.0,154.0,113.0,114.0,97.0,78.0,131.0,139.0,56.0,50.0,89.0,90.0,88.0,148.0,162.0,131.0,106.0,95.0,84.0,30.0,99.0,106.0
73,104.0,86.0,135.0,105.0,108.0,130.0,146.0,139.0,191.0,158.0,125.0,118.0,138.0,88.0,173.0,77.0,116.0,101.0,100.0,35.0,38.0,112.0,67.0,75.0,159.0,144.0,135.0,102.0,144.0,167.0,187.0,116.0,104.0,164.0,97.0,86.0,65.0,135.0,73.0,37.0,38.0,90.0,147.0,146.0,189.0,179.0,179.0,120.0,76.0,31.0,90.0,63.0,90.0,83.0,93.0,109.0,85.0,77.0,168.0,155.0,153.0,168.0,141.0,91.0,112.0,157.0,152.0,168.0,180.0,95.0,76.0,27.0,0.0,94.0,158.0,148.0,129.0,167.0,80.0,127.0,86.0,87.0,88.0,105.0,117.0,166.0,83.0,77.0,116.0,117.0,79.0,139.0,135.0,104.0,79.0,68.0,57.0,3.0,72.0,79.0
74,171.0,147.0,98.0,170.0,202.0,184.0,240.0,233.0,285.0,252.0,219.0,212.0,232.0,182.0,267.0,171.0,210.0,195.0,194.0,129.0,132.0,148.0,161.0,169.0,148.0,170.0,179.0,196.0,238.0,234.0,281.0,210.0,198.0,258.0,191.0,180.0,159.0,229.0,167.0,131.0,132.0,184.0,241.0,225.0,268.0,273.0,264.0,192.0,170.0,125.0,184.0,157.0,184.0,177.0,187.0,128.0,152.0,156.0,247.0,249.0,247.0,262.0,235.0,185.0,206.0,224.0,219.0,245.0,274.0,174.0,170.0,121.0,94.0,0.0,64.0,112.0,131.0,214.0,174.0,221.0,180.0,181.0,149.0,186.0,211.0,260.0,177.0,171.0,210.0,211.0,154.0,211.0,189.0,198.0,173.0,162.0,151.0,97.0,166.0,173.0
75,170.0,181.0,162.0,234.0,253.0,248.0,239.0,232.0,284.0,316.0,244.0,234.0,263.0,213.0,239.0,143.0,182.0,163.0,166.0,166.0,163.0,84.0,129.0,137.0,212.0,234.0,243.0,260.0,302.0,233.0,298.0,261.0,262.0,230.0,163.0,152.0,131.0,216.0,231.0,195.0,196.0,248.0,237.0,212.0,206.0,267.0,241.0,222.0,218.0,173.0,195.0,221.0,205.0,235.0,186.0,192.0,183.0,175.0,266.0,217.0,219.0,238.0,211.0,153.0,174.0,223.0,218.0,244.0,257.0,157.0,138.0,169.0,158.0,64.0,0.0,48.0,67.0,150.0,231.0,285.0,244.0,245.0,179.0,171.0,222.0,247.0,164.0,170.0,209.0,210.0,177.0,237.0,253.0,249.0,224.0,213.0,215.0,161.0,230.0,237.0
76,122.0,133.0,182.0,251.0,205.0,209.0,191.0,184.0,236.0,268.0,196.0,186.0,215.0,165.0,191.0,95.0,134.0,115.0,118.0,118.0,115.0,36.0,81.0,89.0,173.0,195.0,204.0,246.0,261.0,185.0,250.0,213.0,215.0,182.0,115.0,104.0,83.0,168.0,221.0,185.0,186.0,238.0,189.0,164.0,158.0,219.0,193.0,174.0,170.0,125.0,147.0,174.0,157.0,187.0,138.0,159.0,135.0,127.0,218.0,169.0,171.0,190.0,163.0,105.0,126.0,175.0,170.0,196.0,209.0,109.0,90.0,121.0,148.0,112.0,48.0,0.0,19.0,102.0,183.0,239.0,199.0,198.0,131.0,123.0,174.0,199.0,116.0,122.0,161.0,162.0,129.0,189.0,211.0,201.0,176.0,165.0,174.0,150.0,198.0,205.0
77,103.0,114.0,163.0,232.0,186.0,190.0,172.0,165.0,217.0,249.0,177.0,167.0,196.0,146.0,172.0,76.0,115.0,96.0,99.0,99.0,96.0,17.0,62.0,70.0,154.0,176.0,185.0,227.0,242.0,166.0,231.0,194.0,196.0,163.0,96.0,85.0,64.0,149.0,202.0,166.0,167.0,219.0,170.0,145.0,139.0,200.0,174.0,155.0,151.0,106.0,128.0,155.0,138.0,168.0,119.0,140.0,116.0,108.0,199.0,150.0,152.0,171.0,144.0,86.0,107.0,156.0,151.0,177.0,190.0,90.0,71.0,102.0,129.0,131.0,67.0,19.0,0.0,83.0,164.0,220.0,180.0,179.0,112.0,104.0,155.0,180.0,97.0,103.0,142.0,143.0,110.0,170.0,192.0,182.0,157.0,146.0,155.0,131.0,179.0,186.0
78,186.0,179.0,226.0,236.0,190.0,168.0,254.0,248.0,272.0,224.0,226.0,216.0,249.0,229.0,255.0,159.0,198.0,179.0,182.0,182.0,179.0,100.0,145.0,153.0,176.0,154.0,163.0,234.0,280.0,249.0,223.0,152.0,170.0,246.0,179.0,168.0,147.0,232.0,240.0,204.0,205.0,224.0,124.0,99.0,56.0,117.0,158.0,220.0,234.0,189.0,181.0,208.0,221.0,236.0,202.0,220.0,196.0,188.0,279.0,233.0,235.0,237.0,227.0,169.0,190.0,239.0,234.0,260.0,251.0,173.0,154.0,185.0,167.0,214.0,150.0,102.0,83.0,0.0,87.0,143.0,184.0,185.0,177.0,140.0,208.0,237.0,154.0,148.0,187.0,188.0,186.0,195.0,173.0,192.0,189.0,182.0,193.0,164.0,233.0,240.0
79,139.0,149.0,198.0,185.0,182.0,204.0,186.0,193.0,245.0,211.0,139.0,129.0,162.0,162.0,184.0,88.0,127.0,136.0,116.0,109.0,112.0,147.0,102.0,110.0,194.0,216.0,209.0,182.0,218.0,202.0,241.0,190.0,184.0,180.0,113.0,102.0,100.0,185.0,153.0,117.0,118.0,170.0,206.0,181.0,143.0,204.0,214.0,194.0,152.0,107.0,168.0,143.0,170.0,157.0,159.0,180.0,156.0,148.0,239.0,190.0,169.0,179.0,152.0,126.0,147.0,192.0,187.0,213.0,164.0,130.0,111.0,107.0,80.0,174.0,231.0,183.0,164.0,87.0,0.0,56.0,97.0,98.0,151.0,140.0,195.0,150.0,67.0,61.0,100.0,101.0,150.0,210.0,209.0,178.0,153.0,142.0,131.0,77.0,146.0,153.0
80,135.0,111.0,160.0,232.0,189.0,205.0,242.0,242.0,203.0,155.0,83.0,73.0,106.0,156.0,240.0,144.0,183.0,192.0,172.0,162.0,165.0,203.0,158.0,166.0,210.0,219.0,210.0,229.0,247.0,198.0,185.0,197.0,209.0,236.0,169.0,158.0,156.0,241.0,200.0,164.0,165.0,217.0,212.0,187.0,199.0,260.0,224.0,152.0,203.0,158.0,196.0,190.0,217.0,210.0,196.0,152.0,128.0,120.0,211.0,246.0,206.0,123.0,96.0,154.0,203.0,188.0,183.0,209.0,220.0,138.0,157.0,154.0,127.0,221.0,285.0,239.0,220.0,143.0,56.0,0.0,41.0,42.0,109.0,146.0,215.0,206.0,123.0,117.0,156.0,157.0,118.0,178.0,200.0,185.0,160.0,149.0,160.0,130.0,199.0,206.0
81,94.0,70.0,119.0,191.0,148.0,164.0,208.0,201.0,162.0,114.0,42.0,32.0,65.0,115.0,213.0,131.0,170.0,159.0,131.0,121.0,124.0,163.0,125.0,133.0,169.0,178.0,169.0,188.0,206.0,157.0,144.0,156.0,168.0,195.0,128.0,117.0,127.0,212.0,159.0,123.0,124.0,176.0,171.0,146.0,189.0,219.0,183.0,111.0,162.0,117.0,155.0,149.0,176.0,169.0,155.0,111.0,87.0,79.0,170.0,213.0,165.0,82.0,55.0,113.0,170.0,147.0,142.0,168.0,197.0,97.0,116.0,113.0,86.0,180.0,244.0,199.0,180.0,184.0,97.0,41.0,0.0,1.0,68.0,105.0,174.0,226.0,152.0,158.0,135.0,134.0,77.0,137.0,159.0,144.0,119.0,108.0,119.0,89.0,158.0,165.0
82,93.0,69.0,118.0,190.0,147.0,163.0,207.0,200.0,163.0,115.0,43.0,33.0,66.0,116.0,214.0,130.0,169.0,158.0,130.0,120.0,123.0,162.0,124.0,132.0,168.0,177.0,168.0,189.0,205.0,156.0,145.0,155.0,169.0,194.0,127.0,116.0,126.0,211.0,160.0,124.0,125.0,177.0,170.0,145.0,188.0,218.0,182.0,110.0,163.0,118.0,156.0,150.0,177.0,170.0,154.0,110.0,86.0,78.0,169.0,212.0,166.0,83.0,56.0,114.0,169.0,146.0,141.0,167.0,196.0,96.0,115.0,114.0,87.0,181.0,245.0,198.0,179.0,185.0,98.0,42.0,1.0,0.0,67.0,104.0,173.0,225.0,151.0,157.0,134.0,133.0,76.0,136.0,158.0,143.0,118.0,107.0,118.0,90.0,159.0,166.0
83,26.0,2.0,51.0,123.0,80.0,96.0,140.0,133.0,185.0,154.0,82.0,72.0,105.0,106.0,159.0,63.0,102.0,91.0,63.0,53.0,56.0,95.0,57.0,65.0,101.0,110.0,101.0,172.0,138.0,89.0,154.0,88.0,106.0,127.0,60.0,49.0,59.0,144.0,161.0,125.0,126.0,138.0,103.0,78.0,121.0,151.0,115.0,43.0,136.0,101.0,105.0,132.0,127.0,136.0,87.0,43.0,19.0,11.0,102.0,145.0,116.0,122.0,95.0,63.0,102.0,79.0,74.0,100.0,129.0,29.0,48.0,97.0,88.0,149.0,179.0,131.0,112.0,177.0,151.0,109.0,68.0,67.0,0.0,37.0,106.0,158.0,84.0,90.0,67.0,66.0,9.0,69.0,91.0,76.0,51.0,40.0,51.0,85.0,127.0,120.0
84,63.0,39.0,88.0,128.0,82.0,104.0,142.0,135.0,187.0,162.0,119.0,109.0,142.0,143.0,148.0,52.0,91.0,76.0,75.0,90.0,93.0,87.0,42.0,50.0,118.0,96.0,105.0,176.0,140.0,126.0,161.0,90.0,108.0,139.0,72.0,61.0,40.0,125.0,178.0,142.0,143.0,143.0,66.0,41.0,84.0,145.0,152.0,80.0,127.0,82.0,96.0,123.0,118.0,138.0,89.0,80.0,56.0,48.0,139.0,130.0,128.0,97.0,124.0,66.0,87.0,116.0,111.0,137.0,166.0,66.0,51.0,78.0,105.0,186.0,171.0,123.0,104.0,140.0,140.0,146.0,105.0,104.0,37.0,0.0,69.0,121.0,73.0,79.0,104.0,103.0,46.0,106.0,109.0,78.0,53.0,42.0,53.0,107.0,149.0,156.0
85,132.0,108.0,157.0,146.0,107.0,129.0,88.0,95.0,147.0,149.0,160.0,150.0,183.0,205.0,203.0,107.0,146.0,127.0,130.0,152.0,155.0,138.0,93.0,101.0,165.0,143.0,134.0,143.0,209.0,152.0,179.0,113.0,95.0,176.0,127.0,116.0,95.0,178.0,116.0,80.0,79.0,131.0,84.0,109.0,152.0,213.0,205.0,149.0,172.0,127.0,27.0,54.0,81.0,157.0,141.0,149.0,125.0,117.0,208.0,181.0,183.0,154.0,127.0,69.0,138.0,172.0,167.0,193.0,203.0,103.0,84.0,131.0,117.0,211.0,222.0,174.0,155.0,208.0,195.0,215.0,174.0,173.0,106.0,69.0,0.0,52.0,128.0,134.0,173.0,172.0,115.0,156.0,134.0,147.0,122.0,111.0,122.0,120.0,168.0,175.0
86,155.0,160.0,190.0,190.0,144.0,122.0,36.0,43.0,95.0,143.0,212.0,202.0,235.0,240.0,200.0,104.0,143.0,85.0,132.0,201.0,204.0,163.0,118.0,111.0,158.0,136.0,127.0,195.0,212.0,204.0,173.0,165.0,147.0,196.0,129.0,118.0,116.0,201.0,168.0,132.0,131.0,183.0,136.0,161.0,204.0,204.0,163.0,201.0,180.0,135.0,79.0,106.0,133.0,138.0,89.0,160.0,172.0,164.0,220.0,139.0,185.0,206.0,179.0,121.0,163.0,208.0,203.0,229.0,192.0,146.0,127.0,139.0,166.0,260.0,247.0,199.0,180.0,237.0,150.0,206.0,226.0,225.0,158.0,121.0,52.0,0.0,83.0,89.0,128.0,129.0,166.0,149.0,127.0,172.0,147.0,136.0,125.0,169.0,149.0,156.0
87,72.0,82.0,131.0,188.0,155.0,163.0,119.0,126.0,178.0,218.0,146.0,140.0,173.0,171.0,117.0,21.0,60.0,69.0,49.0,118.0,121.0,80.0,35.0,43.0,127.0,149.0,158.0,185.0,212.0,135.0,200.0,163.0,169.0,113.0,46.0,35.0,33.0,118.0,156.0,120.0,121.0,173.0,139.0,114.0,157.0,188.0,147.0,127.0,97.0,52.0,101.0,128.0,111.0,141.0,92.0,113.0,89.0,81.0,172.0,123.0,102.0,144.0,117.0,59.0,80.0,125.0,120.0,146.0,109.0,63.0,44.0,56.0,83.0,177.0,164.0,116.0,97.0,154.0,67.0,123.0,152.0,151.0,84.0,73.0,128.0,83.0,0.0,6.0,45.0,46.0,83.0,143.0,165.0,151.0,126.0,115.0,126.0,86.0,152.0,159.0
88,78.0,88.0,137.0,182.0,161.0,169.0,125.0,132.0,184.0,212.0,140.0,146.0,179.0,165.0,123.0,27.0,66.0,75.0,55.0,112.0,115.0,86.0,41.0,49.0,133.0,155.0,164.0,179.0,218.0,141.0,206.0,169.0,175.0,119.0,52.0,41.0,39.0,124.0,150.0,114.0,115.0,167.0,145.0,120.0,163.0,194.0,153.0,133.0,91.0,46.0,107.0,134.0,117.0,147.0,98.0,119.0,95.0,87.0,178.0,129.0,108.0,150.0,123.0,65.0,86.0,131.0,126.0,152.0,103.0,69.0,50.0,50.0,77.0,171.0,170.0,122.0,103.0,148.0,61.0,117.0,158.0,157.0,90.0,79.0,134.0,89.0,6.0,0.0,39.0,40.0,89.0,149.0,171.0,157.0,132.0,121.0,132.0,80.0,149.0,156.0
89,89.0,65.0,114.0,186.0,147.0,145.0,164.0,171.0,223.0,203.0,131.0,121.0,154.0,155.0,162.0,66.0,105.0,114.0,94.0,102.0,105.0,125.0,80.0,88.0,164.0,159.0,150.0,218.0,205.0,152.0,217.0,155.0,173.0,158.0,91.0,80.0,78.0,163.0,189.0,153.0,154.0,201.0,170.0,145.0,188.0,218.0,182.0,110.0,130.0,85.0,146.0,173.0,156.0,186.0,137.0,92.0,68.0,60.0,151.0,168.0,147.0,171.0,144.0,104.0,125.0,142.0,137.0,158.0,64.0,78.0,89.0,89.0,116.0,210.0,209.0,161.0,142.0,187.0,100.0,156.0,135.0,134.0,67.0,104.0,173.0,128.0,45.0,39.0,0.0,1.0,58.0,118.0,140.0,143.0,118.0,107.0,118.0,119.0,188.0,183.0
90,88.0,64.0,113.0,185.0,146.0,144.0,165.0,172.0,224.0,202.0,130.0,120.0,153.0,154.0,163.0,67.0,106.0,115.0,95.0,101.0,104.0,126.0,81.0,89.0,163.0,158.0,149.0,219.0,204.0,151.0,216.0,154.0,172.0,159.0,92.0,81.0,79.0,164.0,190.0,154.0,155.0,200.0,169.0,144.0,187.0,217.0,181.0,109.0,131.0,86.0,147.0,174.0,157.0,187.0,138.0,91.0,67.0,59.0,150.0,169.0,148.0,170.0,143.0,105.0,126.0,141.0,136.0,159.0,65.0,77.0,90.0,90.0,117.0,211.0,210.0,162.0,143.0,188.0,101.0,157.0,134.0,133.0,66.0,103.0,172.0,129.0,46.0,40.0,1.0,0.0,57.0,117.0,139.0,142.0,117.0,106.0,117.0,120.0,189.0,182.0
91,31.0,7.0,56.0,128.0,89.0,87.0,149.0,142.0,193.0,145.0,73.0,63.0,96.0,97.0,158.0,62.0,101.0,82.0,68.0,44.0,47.0,93.0,48.0,56.0,106.0,101.0,92.0,163.0,147.0,94.0,159.0,97.0,115.0,132.0,65.0,54.0,50.0,135.0,152.0,116.0,117.0,143.0,112.0,87.0,130.0,160.0,124.0,52.0,137.0,92.0,96.0,123.0,124.0,143.0,96.0,34.0,10.0,2.0,93.0,136.0,121.0,113.0,86.0,54.0,93.0,84.0,79.0,105.0,120.0,20.0,39.0,88.0,79.0,154.0,177.0,129.0,110.0,186.0,150.0,118.0,77.0,76.0,9.0,46.0,115.0,166.0,83.0,89.0,58.0,57.0,0.0,60.0,82.0,85.0,60.0,49.0,60.0,76.0,132.0,125.0
92,91.0,67.0,113.0,95.0,49.0,27.0,113.0,120.0,172.0,205.0,133.0,123.0,156.0,157.0,218.0,122.0,161.0,142.0,128.0,104.0,107.0,153.0,108.0,116.0,63.0,41.0,32.0,103.0,187.0,154.0,208.0,137.0,155.0,192.0,125.0,114.0,110.0,195.0,199.0,163.0,162.0,110.0,121.0,96.0,139.0,196.0,184.0,112.0,197.0,152.0,129.0,156.0,176.0,123.0,136.0,94.0,70.0,62.0,153.0,180.0,181.0,173.0,146.0,114.0,153.0,144.0,139.0,165.0,180.0,80.0,99.0,148.0,139.0,211.0,237.0,189.0,170.0,195.0,210.0,178.0,137.0,136.0,69.0,106.0,156.0,149.0,143.0,149.0,118.0,117.0,60.0,0.0,22.0,121.0,100.0,89.0,100.0,136.0,134.0,141.0
93,113.0,89.0,91.0,73.0,27.0,5.0,91.0,98.0,150.0,187.0,155.0,145.0,178.0,179.0,240.0,144.0,183.0,151.0,150.0,126.0,129.0,175.0,130.0,125.0,41.0,19.0,10.0,81.0,165.0,176.0,186.0,115.0,133.0,214.0,147.0,136.0,132.0,217.0,177.0,141.0,140.0,88.0,99.0,74.0,117.0,174.0,206.0,134.0,185.0,166.0,107.0,134.0,154.0,101.0,114.0,116.0,92.0,84.0,175.0,158.0,198.0,195.0,168.0,136.0,175.0,166.0,161.0,187.0,202.0,102.0,121.0,162.0,135.0,189.0,253.0,211.0,192.0,173.0,209.0,200.0,159.0,158.0,91.0,109.0,134.0,127.0,165.0,171.0,140.0,139.0,82.0,22.0,0.0,99.0,78.0,67.0,78.0,132.0,112.0,119.0
94,102.0,78.0,127.0,122.0,76.0,98.0,136.0,129.0,181.0,134.0,158.0,148.0,181.0,182.0,226.0,130.0,169.0,154.0,139.0,129.0,132.0,165.0,120.0,128.0,134.0,112.0,103.0,174.0,134.0,165.0,133.0,62.0,80.0,161.0,136.0,125.0,118.0,203.0,177.0,141.0,142.0,137.0,140.0,115.0,136.0,75.0,116.0,119.0,180.0,135.0,148.0,121.0,123.0,132.0,83.0,119.0,95.0,87.0,178.0,199.0,99.0,175.0,171.0,139.0,165.0,155.0,150.0,176.0,205.0,105.0,124.0,131.0,104.0,198.0,249.0,201.0,182.0,192.0,178.0,185.0,144.0,143.0,76.0,78.0,147.0,172.0,151.0,157.0,143.0,142.0,85.0,121.0,99.0,0.0,25.0,36.0,47.0,101.0,143.0,150.0
95,77.0,53.0,102.0,97.0,51.0,73.0,111.0,104.0,156.0,109.0,133.0,123.0,156.0,157.0,201.0,105.0,144.0,129.0,114.0,104.0,107.0,140.0,95.0,103.0,109.0,87.0,78.0,149.0,109.0,140.0,108.0,37.0,55.0,136.0,111.0,100.0,93.0,178.0,152.0,116.0,117.0,112.0,115.0,90.0,133.0,100.0,141.0,94.0,155.0,110.0,123.0,96.0,98.0,107.0,58.0,94.0,70.0,62.0,153.0,183.0,124.0,150.0,146.0,114.0,140.0,130.0,125.0,151.0,180.0,80.0,99.0,106.0,79.0,173.0,224.0,176.0,157.0,189.0,153.0,160.0,119.0,118.0,51.0,53.0,122.0,147.0,126.0,132.0,118.0,117.0,60.0,100.0,78.0,25.0,0.0,11.0,22.0,76.0,118.0,125.0
96,66.0,42.0,91.0,86.0,40.0,62.0,100.0,93.0,145.0,120.0,122.0,112.0,145.0,146.0,190.0,94.0,133.0,118.0,103.0,93.0,96.0,129.0,84.0,92.0,98.0,76.0,67.0,138.0,98.0,129.0,119.0,48.0,66.0,147.0,100.0,89.0,82.0,167.0,141.0,105.0,106.0,101.0,108.0,83.0,126.0,111.0,152.0,83.0,144.0,99.0,120.0,107.0,87.0,96.0,47.0,83.0,59.0,51.0,142.0,172.0,135.0,139.0,135.0,103.0,129.0,119.0,114.0,140.0,169.0,69.0,88.0,95.0,68.0,162.0,213.0,165.0,146.0,182.0,142.0,149.0,108.0,107.0,40.0,42.0,111.0,136.0,115.0,121.0,107.0,106.0,49.0,89.0,67.0,36.0,11.0,0.0,11.0,65.0,107.0,114.0
97,77.0,53.0,102.0,97.0,51.0,73.0,89.0,82.0,134.0,131.0,133.0,123.0,156.0,139.0,201.0,105.0,144.0,127.0,114.0,86.0,89.0,138.0,93.0,101.0,109.0,87.0,78.0,149.0,87.0,140.0,130.0,59.0,77.0,158.0,111.0,100.0,93.0,178.0,130.0,94.0,95.0,112.0,119.0,94.0,137.0,122.0,163.0,94.0,133.0,88.0,130.0,103.0,76.0,85.0,36.0,94.0,70.0,62.0,153.0,181.0,146.0,150.0,146.0,114.0,138.0,130.0,125.0,151.0,180.0,80.0,99.0,84.0,57.0,151.0,215.0,174.0,155.0,193.0,131.0,160.0,119.0,118.0,51.0,53.0,122.0,125.0,126.0,132.0,118.0,117.0,60.0,100.0,78.0,47.0,22.0,11.0,0.0,54.0,96.0,103.0
98,107.0,83.0,132.0,108.0,105.0,127.0,143.0,136.0,188.0,161.0,128.0,121.0,135.0,85.0,176.0,80.0,119.0,104.0,103.0,32.0,35.0,114.0,70.0,78.0,162.0,141.0,132.0,105.0,141.0,170.0,184.0,113.0,107.0,167.0,100.0,89.0,68.0,138.0,76.0,40.0,41.0,93.0,150.0,148.0,191.0,176.0,182.0,123.0,79.0,34.0,93.0,66.0,93.0,80.0,90.0,106.0,82.0,74.0,165.0,158.0,156.0,171.0,144.0,94.0,115.0,160.0,155.0,165.0,183.0,92.0,79.0,30.0,3.0,97.0,161.0,150.0,131.0,164.0,77.0,130.0,89.0,90.0,85.0,107.0,120.0,169.0,86.0,80.0,119.0,120.0,76.0,136.0,132.0,101.0,76.0,65.0,54.0,0.0,69.0,76.0
99,101.0,125.0,161.0,175.0,129.0,107.0,113.0,106.0,158.0,206.0,184.0,174.0,141.0,91.0,189.0,131.0,170.0,151.0,154.0,101.0,104.0,162.0,117.0,125.0,115.0,93.0,102.0,173.0,183.0,164.0,226.0,155.0,155.0,212.0,151.0,140.0,119.0,204.0,145.0,109.0,110.0,162.0,173.0,148.0,191.0,218.0,229.0,170.0,95.0,103.0,141.0,114.0,87.0,11.0,60.0,131.0,142.0,134.0,225.0,205.0,207.0,224.0,197.0,141.0,162.0,154.0,149.0,171.0,245.0,145.0,126.0,99.0,72.0,166.0,230.0,198.0,179.0,233.0,146.0,199.0,158.0,159.0,127.0,149.0,168.0,149.0,152.0,149.0,188.0,189.0,132.0,134.0,112.0,143.0,118.0,107.0,96.0,69.0,0.0,7.0
100,94.0,118.0,167.0,182.0,136.0,114.0,120.0,113.0,165.0,213.0,191.0,181.0,148.0,98.0,196.0,138.0,177.0,158.0,161.0,108.0,111.0,169.0,124.0,132.0,122.0,100.0,109.0,180.0,190.0,157.0,222.0,162.0,162.0,205.0,158.0,147.0,126.0,211.0,152.0,116.0,117.0,169.0,180.0,155.0,198.0,225.0,235.0,163.0,102.0,110.0,148.0,121.0,94.0,18.0,67.0,138.0,135.0,127.0,218.0,212.0,214.0,231.0,204.0,148.0,169.0,147.0,142.0,168.0,245.0,145.0,133.0,106.0,79.0,173.0,237.0,205.0,186.0,240.0,153.0,206.0,165.0,166.0,120.0,156.0,175.0,156.0,159.0,156.0,183.0,182.0,125.0,141.0,119.0,150.0,125.0,114.0,103.0,76.0,7.0,0.0
